{
    "root_group": {
        "name": "",
        "path": "",
        "id": "d41d8cd98f00b204e9800998ecf8427e",
        "groups": {},
        "checks": {
                "order accepted (200/202)": {
                    "name": "order accepted (200/202)",
                    "path": "::order accepted (200/202)",
                    "id": "118c9e9318eec4a900f20b54f0a845bf",
                    "passes": 57781,
                    "fails": 0
                }
            }
    },
    "metrics": {
        "checks": {
            "fails": 0,
            "passes": 57781,
            "value": 1
        },
        "http_req_tls_handshaking": {
            "avg": 0,
            "min": 0,
            "med": 0,
            "max": 0,
            "p(90)": 0,
            "p(95)": 0
        },
        "http_req_blocked": {
            "avg": 0.005690832626639997,
            "min": 0,
            "med": 0.003,
            "max": 12.884,
            "p(90)": 0.006,
            "p(95)": 0.008
        },
        "data_sent": {
            "count": 22560757,
            "rate": 37594.82706138293
        },
        "vus_max": {
            "min": 50,
            "max": 50,
            "value": 50
        },
        "http_req_failed": {
            "passes": 0,
            "fails": 57781,
            "thresholds": {
                "rate<0.02": false
            },
            "value": 0
        },
        "http_reqs": {
            "count": 57781,
            "rate": 96.28518681504202
        },
        "vus": {
            "value": 1,
            "min": 1,
            "max": 50
        },
        "http_req_receiving": {
            "avg": 1.0828738512659797,
            "min": 0.006,
            "med": 0.052,
            "max": 193.853,
            "p(90)": 0.887,
            "p(95)": 1.892
        },
        "http_req_duration{expected_response:true}": {
            "avg": 140.72254471192946,
            "min": 4.071,
            "med": 99.472,
            "max": 1884.092,
            "p(90)": 303.889,
            "p(95)": 405.835
        },
        "http_req_waiting": {
            "p(95)": 404.954,
            "avg": 139.61509404475584,
            "min": 3.985,
            "med": 98.91,
            "max": 1884.027,
            "p(90)": 303.188
        },
        "http_req_duration": {
            "min": 4.071,
            "med": 99.472,
            "max": 1884.092,
            "p(90)": 303.889,
            "p(95)": 405.835,
            "avg": 140.72254471192946,
            "thresholds": {
                "p(95)<1500": false
            }
        },
        "http_req_sending": {
            "p(95)": 0.035,
            "avg": 0.024576815908340332,
            "min": 0.002,
            "med": 0.014,
            "max": 8.07,
            "p(90)": 0.027
        },
        "data_received": {
            "count": 22239099,
            "rate": 37058.82213553269
        },
        "iteration_duration": {
            "max": 2191.572208,
            "p(90)": 599.436542,
            "p(95)": 699.82275,
            "avg": 341.77942746686534,
            "min": 4.25625,
            "med": 312.679542
        },
        "iterations": {
            "count": 57781,
            "rate": 96.28518681504202
        },
        "http_req_connecting": {
            "med": 0,
            "max": 1.071,
            "p(90)": 0,
            "p(95)": 0,
            "avg": 0.00033431404787040734,
            "min": 0
        }
    }
}