{
    "root_group": {
        "checks": {
            "order accepted (200/202)": {
                "name": "order accepted (200/202)",
                "path": "::order accepted (200/202)",
                "id": "118c9e9318eec4a900f20b54f0a845bf",
                "passes": 57675,
                "fails": 100
            }
        },
        "name": "",
        "path": "",
        "id": "d41d8cd98f00b204e9800998ecf8427e",
        "groups": {}
    },
    "metrics": {
        "data_received": {
            "count": 22219001,
            "rate": 37010.39592974878
        },
        "http_req_waiting": {
            "p(95)": 291.62789999999984,
            "avg": 140.4801591864981,
            "min": 4.115,
            "med": 103.114,
            "max": 30009.155,
            "p(90)": 208.1362
        },
        "iteration_duration": {
            "p(95)": 600.5760124999999,
            "avg": 341.8562701630973,
            "min": 4.474541,
            "med": 305.689916,
            "max": 30403.681542,
            "p(90)": 571.2064502000001
        },
        "vus": {
            "value": 1,
            "min": 1,
            "max": 50
        },
        "http_req_receiving": {
            "avg": 0.9076303418433661,
            "min": 0,
            "med": 0.08,
            "max": 121.626,
            "p(90)": 0.873,
            "p(95)": 1.5
        },
        "http_req_blocked": {
            "p(90)": 0.007,
            "p(95)": 0.008,
            "avg": 0.005709822587622776,
            "min": 0,
            "med": 0.003,
            "max": 10.083
        },
        "data_sent": {
            "count": 22607053,
            "rate": 37656.77774328445
        },
        "iterations": {
            "count": 57775,
            "rate": 96.2363530584132
        },
        "vus_max": {
            "value": 50,
            "min": 50,
            "max": 50
        },
        "http_req_connecting": {
            "avg": 0.000611250540891389,
            "min": 0,
            "med": 0,
            "max": 2.792,
            "p(90)": 0,
            "p(95)": 0
        },
        "http_req_duration": {
            "avg": 141.41254194721049,
            "min": 4.194,
            "med": 103.486,
            "max": 30009.174,
            "p(90)": 208.574,
            "p(95)": 292.03759999999994,
            "thresholds": {
                "p(95)<1500": false
            }
        },
        "http_req_sending": {
            "min": 0.003,
            "med": 0.015,
            "max": 12.131,
            "p(90)": 0.029,
            "p(95)": 0.038,
            "avg": 0.024752418866287783
        },
        "http_reqs": {
            "count": 57775,
            "rate": 96.2363530584132
        },
        "http_req_tls_handshaking": {
            "min": 0,
            "med": 0,
            "max": 0,
            "p(90)": 0,
            "p(95)": 0,
            "avg": 0
        },
        "checks": {
            "passes": 57675,
            "fails": 100,
            "value": 0.9982691475551709
        },
        "http_req_duration{expected_response:true}": {
            "avg": 131.21792468140603,
            "min": 4.194,
            "med": 103.513,
            "max": 29992.078,
            "p(90)": 208.5142,
            "p(95)": 291.87559999999996
        },
        "http_req_failed": {
            "passes": 100,
            "fails": 57675,
            "thresholds": {
                "rate<0.02": false
            },
            "value": 0.0017308524448290783
        }
    }
}